IndexSymbol,TradingDate,Ret
000300,2016-01-04,-0.07020369874028409
000300,2016-01-05,0.0027990210632820034
000300,2016-01-06,0.017543506631635175
000300,2016-01-07,-0.06933422980329451
000300,2016-01-08,0.020392304470036704
000300,2016-01-11,-0.05030700032127944
000300,2016-01-12,0.007285940265313595
000300,2016-01-13,-0.018605533459173818
000300,2016-01-14,0.020815113375667105
000300,2016-01-15,-0.031922323587567636
000300,2016-01-18,0.0038477200655395727
000300,2016-01-19,0.029513883343501357
000300,2016-01-20,-0.015125049253365552
000300,2016-01-21,-0.029306510247670503
000300,2016-01-22,0.010420757135671144
000300,2016-01-25,0.004955901151773245
000300,2016-01-26,-0.06020665475615938
000300,2016-01-27,-0.0034551829444553483
000300,2016-01-28,-0.02613680959612319
000300,2016-01-29,0.032353806907378324
000300,2016-02-01,-0.015288059767352702
000300,2016-02-02,0.020778683580082946
000300,2016-02-03,-0.004285236701076944
000300,2016-02-04,0.012249715122904181
000300,2016-02-05,-0.0070256905077795695
000300,2016-02-15,-0.005762891432928741
000300,2016-02-16,0.030654526573704155
000300,2016-02-17,0.008653162289597782
000300,2016-02-18,-0.0031403836360550663
000300,2016-02-19,-0.0006909650587810789
000300,2016-02-22,0.02204752276681976
000300,2016-02-23,-0.009461760188786195
000300,2016-02-24,0.006535334179247565
000300,2016-02-25,-0.061359360679198005
000300,2016-02-26,0.010031691648822338
000300,2016-02-29,-0.023934627530927566
000300,2016-03-01,0.01849541437443314
000300,2016-03-02,0.04116436743565499
000300,2016-03-03,0.00232357693202645
000300,2016-03-04,0.011597491515226821
000300,2016-03-07,0.0035392337801281037
000300,2016-03-08,0.0009114801406835404
000300,2016-03-09,-0.011507013292917256
000300,2016-03-10,-0.01912816456211275
000300,2016-03-11,0.0017025372118879556
000300,2016-03-14,0.015707621559298612
000300,2016-03-15,0.0029650747466312133
000300,2016-03-16,0.00495970443413829
000300,2016-03-17,0.01105814506655256
000300,2016-03-18,0.015287113501056382
000300,2016-03-21,0.024426537535151782
000300,2016-03-22,-0.007278177162834187
000300,2016-03-23,0.0031930162843831766
000300,2016-03-24,-0.01676096771103408
000300,2016-03-25,0.005019092666216363
000300,2016-03-28,-0.00878410917437511
000300,2016-03-29,-0.01082742063204123
000300,2016-03-30,0.02579248009032331
000300,2016-03-31,0.0005627619485866209
000300,2016-04-01,0.001180824650646617
000300,2016-04-05,0.013222052894419134
000300,2016-04-06,-0.0021320328749665496
000300,2016-04-07,-0.014808766151040875
000300,2016-04-08,-0.007341187614706035
000300,2016-04-11,0.01392773398875602
000300,2016-04-12,-0.003606699482988196
000300,2016-04-13,0.013338718948562311
000300,2016-04-14,0.004430639790518054
000300,2016-04-15,-0.0011050634495685108
000300,2016-04-18,-0.013373224823590268
000300,2016-04-19,0.0030509997057412974
000300,2016-04-20,-0.017685205200259402
000300,2016-04-21,-0.006422448074994702
000300,2016-04-22,0.004524457381509972
000300,2016-04-25,-0.0040536709817631245
000300,2016-04-26,0.005417405906964712
000300,2016-04-27,-0.004164622101435533
000300,2016-04-28,-0.001686713498761816
000300,2016-04-29,-0.0012118028969365646
000300,2016-05-03,0.017990021382751298
000300,2016-05-04,-0.001269627887003133
000300,2016-05-05,0.0013896418712182612
000300,2016-05-06,-0.02600251406382237
000300,2016-05-09,-0.020678198923443025
000300,2016-05-10,0.001138432030062475
000300,2016-05-11,0.00446383479249679
000300,2016-05-12,0.002377700863822163
000300,2016-05-13,-0.004918870989663815
000300,2016-05-16,0.006624519502819615
000300,2016-05-17,-0.0030013148925309707
000300,2016-05-18,-0.005826274619088689
000300,2016-05-19,-0.0018057130937014776
000300,2016-05-20,0.0051330612244897544
000300,2016-05-23,0.0029237676319431305
000300,2016-05-24,-0.007663852916215852
000300,2016-05-25,-0.0014133883455847984
000300,2016-05-26,0.0016278606054465072
000300,2016-05-27,-0.0005580557468319869
000300,2016-05-30,0.0013746938775509587
000300,2016-05-31,0.03353756957782106
000300,2016-06-01,-0.0028426658589835174
000300,2016-06-02,0.002072424103399584
000300,2016-06-03,0.0070190394998579375
000300,2016-06-06,-0.0033047693402689093
000300,2016-06-07,-0.0005473780904053926
000300,2016-06-08,-0.004110731653578115
000300,2016-06-13,-0.030862929402431627
000300,2016-06-14,0.0031438131453132012
000300,2016-06-15,0.01313077458240941
000300,2016-06-16,-0.0069632296550152795
000300,2016-06-17,0.005070007464446968
000300,2016-06-20,0.0007426793040032909
000300,2016-06-21,-0.002040049218195228
000300,2016-06-22,0.008897988616755503
000300,2016-06-23,-0.005309576382595771
000300,2016-06-24,-0.012882860918994599
000300,2016-06-27,0.014097414499083527
000300,2016-06-28,0.005082453677889065
000300,2016-06-29,0.004779364876928982
000300,2016-06-30,0.0008028203427694613
000300,2016-07-01,8.877840909082835e-05
000300,2016-07-04,0.016010398833301576
000300,2016-07-05,0.0008362717259027264
000300,2016-07-06,0.00293697659772163
000300,2016-07-07,-0.0021294454115892147
000300,2016-07-08,-0.005504758641100227
000300,2016-07-11,0.003461475810392578
000300,2016-07-12,0.02180543372053445
000300,2016-07-13,0.002960423808039847
000300,2016-07-14,-0.0018611763487434985
000300,2016-07-15,-0.00014648616316115248
000300,2016-07-18,-0.004352497344549344
000300,2016-07-19,-0.004227441891833883
000300,2016-07-20,-0.003269472912940219
000300,2016-07-21,0.004605248933627015
000300,2016-07-22,-0.008411939050336437
000300,2016-07-25,0.0017766560418708277
000300,2016-07-26,0.011978123674900809
000300,2016-07-27,-0.015705333084576445
000300,2016-07-28,0.0009011136521825946
000300,2016-07-29,-0.0053428289363393056
000300,2016-08-01,-0.008464604407711795
000300,2016-08-02,0.0038529216415210676
000300,2016-08-03,0.0013985356140544525
000300,2016-08-04,0.0024361908996684
000300,2016-08-05,0.0011932689634490679
000300,2016-08-08,0.009069891516983786
000300,2016-08-09,0.007049700387733671
000300,2016-08-10,-0.004187928694680321
000300,2016-08-11,-0.003077074867266494
000300,2016-08-12,0.018825617933047933
000300,2016-08-15,0.030110223026321714
000300,2016-08-16,-0.004470416276205147
000300,2016-08-17,-0.0015392584918226815
000300,2016-08-18,-0.002537762559108314
000300,2016-08-19,0.0001575275896199546
000300,2016-08-22,-0.008389251772649153
000300,2016-08-23,0.001510433680273593
000300,2016-08-24,-0.0035818698138444516
000300,2016-08-25,-0.006273537025580755
000300,2016-08-26,-0.0005681526275547188
000300,2016-08-29,0.0002086426435325972
000300,2016-08-30,0.001272756954815435
000300,2016-08-31,0.0047705458047881955
000300,2016-09-01,-0.007876097950892391
000300,2016-09-02,0.0037951526238952926
000300,2016-09-05,0.0016806925539585293
000300,2016-09-06,0.006913316946211667
000300,2016-09-07,-0.0005414897849896905
000300,2016-09-08,-0.0003771529145539798
000300,2016-09-09,-0.006443962677717963
000300,2016-09-12,-0.016708659329001452
000300,2016-09-13,-0.0006957641145098892
000300,2016-09-14,-0.006625096232589889
000300,2016-09-19,0.00753072963785173
000300,2016-09-20,-0.0017529235823383615
000300,2016-09-21,0.0028366181617240915
000300,2016-09-22,0.007493938726030436
000300,2016-09-23,-0.0046944505214030485
000300,2016-09-26,-0.016909517747514258
000300,2016-09-27,0.006356590110176752
000300,2016-09-28,-0.0030425055928412492
000300,2016-09-29,0.004178415235430499
000300,2016-09-30,0.002740114474523825
000300,2016-10-10,0.01247663896129425
000300,2016-10-11,0.0038526110623673393
000300,2016-10-12,-0.0019809106745377614
000300,2016-10-13,0.000799997575764877
000300,2016-10-14,0.0009689188984602914
000300,2016-10-17,-0.008460758957605452
000300,2016-10-18,0.013255518810938671
000300,2016-10-19,-0.0015325185994767843
000300,2016-10-20,0.0007116493378043209
000300,2016-10-21,0.0027541734466340895
000300,2016-10-24,0.01197208916561987
000300,2016-10-25,-3.8603388783697845e-05
000300,2016-10-26,-0.003756551693417709
000300,2016-10-27,-0.002712531298438181
000300,2016-10-28,-0.0016648235047971305
000300,2016-10-31,-0.0011526497471655572
000300,2016-11-01,0.0068249667294111305
000300,2016-11-02,-0.007650972745270268
000300,2016-11-03,0.00952195239023812
000300,2016-11-04,-0.0032450840839324258
000300,2016-11-07,0.0007214899662211227
000300,2016-11-08,0.004328797976517862
000300,2016-11-09,-0.005360236360616
000300,2016-11-10,0.011201741697857148
000300,2016-11-11,0.007848145318983812
000300,2016-11-14,0.0038130410099437295
000300,2016-11-15,-0.00011077909773338224
000300,2016-11-16,-8.16357471273843e-05
000300,2016-11-17,0.0020264812995138826
000300,2016-11-18,-0.005552096003538454
000300,2016-11-21,0.006920344349311991
000300,2016-11-22,0.007918956383260012
000300,2016-11-23,0.0018366028901266596
000300,2016-11-24,0.004031967951466653
000300,2016-11-25,0.009332882358674022
000300,2016-11-28,0.0039133274642886295
000300,2016-11-29,0.008192176697557008
000300,2016-11-30,-0.007306315305103173
000300,2016-12-01,0.007642736009044748
000300,2016-12-02,-0.010123308574377932
000300,2016-12-05,-0.016871874070190862
000300,2016-12-06,-0.0029572751562945143
000300,2016-12-07,0.0047988667736293955
000300,2016-12-08,-0.0016140401352227052
000300,2016-12-09,0.006789351438270419
000300,2016-12-12,-0.024192117239602684
000300,2016-12-13,-0.001214368264509269
000300,2016-12-14,-0.0076621713694994265
000300,2016-12-15,-0.011399991121502251
000300,2016-12-16,0.0016764308786594295
000300,2016-12-19,-0.005095590894283686
000300,2016-12-20,-0.005983814862210113
000300,2016-12-21,0.008908874423552371
000300,2016-12-22,-0.0008596572154294657
000300,2016-12-23,-0.008415101014189075
000300,2016-12-26,0.00447454347563192
000300,2016-12-27,-0.0018089333012281106
000300,2016-12-28,-0.004372224014666526
000300,2016-12-29,-0.0012507987849381674
000300,2016-12-30,0.003735869196060282
000300,2017-01-03,0.00971275618716172
000300,2017-01-04,0.0078031733303811635
000300,2017-01-05,-0.00015438008971857542
000300,2017-01-06,-0.005974244237318849
000300,2017-01-09,0.004848148114957596
000300,2017-01-10,-0.0016736526056065903
000300,2017-01-11,-0.007078049114573881
000300,2017-01-12,-0.005062228220123033
000300,2017-01-13,0.0006902538566804228
000300,2017-01-16,-0.0001385579729571429
000300,2017-01-17,0.0020816701562007545
000300,2017-01-18,0.0039111821931479
000300,2017-01-19,-0.0030185334359474902
000300,2017-01-20,0.007689327153837633
000300,2017-01-23,0.0027392850436229743
000300,2017-01-24,0.00010998549380514255
000300,2017-01-25,0.0034032308401077405
000300,2017-01-26,0.0035723806984804263
000300,2017-02-03,-0.00692747257936932
000300,2017-02-06,0.0025917746820469656
000300,2017-02-07,-0.0022322950542659203
000300,2017-02-08,0.005232226474293444
000300,2017-02-09,0.003842413745200668
000300,2017-02-10,0.005064349628565168
000300,2017-02-13,0.0066764513738140074
000300,2017-02-14,-0.0001396859394461325
000300,2017-02-15,-0.004100937190756215
000300,2017-02-16,0.005617074503683872
000300,2017-02-17,-0.0056641663736256564
000300,2017-02-20,0.014599116161616132
000300,2017-02-21,0.0032926291773613947
000300,2017-02-22,0.0019926381495454226
000300,2017-02-23,-0.004710925679702882
000300,2017-02-24,0.0001525917565901036
000300,2017-02-27,-0.007953711300142552
000300,2017-02-28,0.0019122400775342108
000300,2017-03-01,0.0016305559819393967
000300,2017-03-02,-0.006748707509744323
000300,2017-03-03,-0.00210765334342522
000300,2017-03-06,0.005431960465129837
000300,2017-03-07,0.002170330308024493
000300,2017-03-08,-0.0015142039861492096
000300,2017-03-09,-0.006318267884119599
000300,2017-03-10,0.00027721524158574873
000300,2017-03-13,0.008813001584064839
000300,2017-03-14,-0.0004077383534309975
000300,2017-03-15,0.0020105939497032654
000300,2017-03-16,0.005159312168701247
000300,2017-03-17,-0.010254171322213734
000300,2017-03-20,0.0011027886041308221
000300,2017-03-21,0.0048527224816716785
000300,2017-03-22,-0.00470235261874874
000300,2017-03-23,0.003457920899696987
000300,2017-03-24,0.00797809346096745
000300,2017-03-27,-0.0033127005960568168
000300,2017-03-28,-0.002366275258478878
000300,2017-03-29,-0.0013314850092656094
000300,2017-03-30,-0.008204456321298403
000300,2017-03-31,0.005612844656013305
000300,2017-04-05,0.013842392326499864
000300,2017-04-06,0.0028996344063312307
000300,2017-04-07,0.0009703902904056871
000300,2017-04-10,-0.0035025273919249145
000300,2017-04-11,0.0034777498188374167
000300,2017-04-12,-0.0022431787748092846
000300,2017-04-13,0.0014617716786724522
000300,2017-04-14,-0.007986752291176513
000300,2017-04-17,-0.001881543094794158
000300,2017-04-18,-0.004942613953114239
000300,2017-04-19,-0.004868976590792218
000300,2017-04-20,0.004547459574912649
000300,2017-04-21,0.00151377273186859
000300,2017-04-24,-0.010248673845257406
000300,2017-04-25,0.0028298642481185965
000300,2017-04-26,0.0012234922129514825
000300,2017-04-27,0.00044700131778308005
000300,2017-04-28,-0.0020222124222448734
000300,2017-05-02,-0.0038287666254814834
000300,2017-05-03,-0.003925196551663679
000300,2017-05-04,-0.0025606994166645913
000300,2017-05-05,-0.006415246196822211
000300,2017-05-08,-0.007018373712140313
000300,2017-05-09,-0.0018697098079378804
000300,2017-05-10,-0.004423524919985877
000300,2017-05-11,0.005677562393265001
000300,2017-05-12,0.008559128893390833
000300,2017-05-15,0.004079305720480431
000300,2017-05-16,0.00866677061299903
000300,2017-05-17,-0.0054482084785557605
000300,2017-05-18,-0.0034780364636638472
000300,2017-05-19,0.0016891742762887851
000300,2017-05-22,0.0021710709931401784
000300,2017-05-23,0.003796273495854985
000300,2017-05-24,-5.840797385636698e-06
000300,2017-05-25,0.017957636449124736
000300,2017-05-26,-0.0015004332034679324
000300,2017-05-31,0.0035771442034462364
000300,2017-06-01,0.0013914019376559672
000300,2017-06-02,-0.0032106445876478595
000300,2017-06-05,-0.005093919134033786
000300,2017-06-06,0.006956396396396336
000300,2017-06-07,0.011735301527679098
000300,2017-06-08,0.007671476313503289
000300,2017-06-09,0.00426567967244984
000300,2017-06-12,-0.0004977392014362536
000300,2017-06-13,0.00220457196892343
000300,2017-06-14,-0.013111797826517724
000300,2017-06-15,-0.0018414278844794962
000300,2017-06-16,-0.002842334057849838
000300,2017-06-19,0.009921108572337856
000300,2017-06-20,-0.0020204464680176892
000300,2017-06-21,0.01169325163753454
000300,2017-06-22,0.0006633295800400063
000300,2017-06-23,0.00906320849835951
000300,2017-06-26,0.012479022214370916
000300,2017-06-27,0.00180748018723631
000300,2017-06-28,-0.00776929942961635
000300,2017-06-29,0.006214740398829521
000300,2017-06-30,-0.0005533099107889461
000300,2017-07-03,-0.00434984182393372
000300,2017-07-04,-0.008455565142364119
000300,2017-07-05,0.010966911419399983
000300,2017-07-06,0.00011476413238309391
000300,2017-07-07,-0.0011393131335210027
000300,2017-07-10,-0.0006127031972712471
000300,2017-07-11,0.00468567393511754
000300,2017-07-12,-0.0032663090707499842
000300,2017-07-13,0.007680071717111048
000300,2017-07-14,0.004385774576068924
000300,2017-07-17,-0.010674868825764516
000300,2017-07-18,0.0009881099258644
000300,2017-07-19,0.017062156752600144
000300,2017-07-20,0.004860915610966021
000300,2017-07-21,-0.005144241544553285
000300,2017-07-24,0.0039880920452717294
000300,2017-07-25,-0.006387122108631793
000300,2017-07-26,-0.003809590381658068
000300,2017-07-27,0.0018351644496261699
000300,2017-07-28,0.002613012803762693
000300,2017-07-31,0.004293517540819414
000300,2017-08-01,0.008697466739078674
000300,2017-08-02,-0.002527596687867062
000300,2017-08-03,-0.008779930069000352
000300,2017-08-04,-0.005432114661881093
000300,2017-08-07,0.005181277275203788
000300,2017-08-08,0.0014543346955422365
000300,2017-08-09,-0.0003134871831971253
000300,2017-08-10,-0.004052489386337288
000300,2017-08-11,-0.018453034510969024
000300,2017-08-14,0.012976544614583085
000300,2017-08-15,0.003080104366278036
000300,2017-08-16,-0.0012520034753888964
000300,2017-08-17,0.005365508372462413
000300,2017-08-18,0.000910976868174318
000300,2017-08-21,0.004381596221947115
000300,2017-08-22,0.003023263895385986
000300,2017-08-23,0.00101004717106834
000300,2017-08-24,-0.005708063438309541
000300,2017-08-25,0.016360301500810026
000300,2017-08-28,0.012371731541856112
000300,2017-08-29,-0.0021261037132648264
000300,2017-08-30,-6.258899372535431e-05
000300,2017-08-31,-0.003184414365073218
000300,2017-09-01,0.0022108322933263036
000300,2017-09-04,0.003936781759229735
000300,2017-09-05,0.0029722125431010937
000300,2017-09-06,-0.001970417806354652
000300,2017-09-07,-0.005086440920131441
000300,2017-09-08,-0.0010130892171275052
000300,2017-09-11,-8.886588830592235e-05
000300,2017-09-12,0.00320991204109089
000300,2017-09-13,0.0012194073367675085
000300,2017-09-14,-0.003292033279463702
000300,2017-09-15,0.00034987310572431873
000300,2017-09-18,0.003090334873280476
000300,2017-09-19,-0.002867446931415496
000300,2017-09-20,0.002693026314416036
000300,2017-09-21,-0.0012023609997813267
000300,2017-09-22,-2.34508132220812e-05
000300,2017-09-25,-0.005195779796911215
000300,2017-09-26,0.0007831756068301665
000300,2017-09-27,0.00010992519851948934
000300,2017-09-28,0.0003506751805715247
000300,2017-09-29,0.0036520219539886156
000300,2017-10-09,0.011914505408575637
000300,2017-10-10,0.001970527096679442
000300,2017-10-11,0.003298319219714907
000300,2017-10-12,0.002628955925271903
000300,2017-10-13,0.0020572713681494825
000300,2017-10-16,-0.0019255292017342773
000300,2017-10-17,-9.71010233935532e-05
000300,2017-10-18,0.007945168371636502
000300,2017-10-19,-0.0032731937852419346
000300,2017-10-20,-0.0011192368839427758
000300,2017-10-23,0.0010058953104905566
000300,2017-10-24,0.007275872595909227
000300,2017-10-25,0.004432489771177384
000300,2017-10-26,0.0041815964495404145
000300,2017-10-27,0.007108909800229268
000300,2017-10-30,-0.00304577110222104
000300,2017-10-31,-0.0007481819179394611
000300,2017-11-01,-0.002520765114607415
000300,2017-11-02,0.00012760782861520603
000300,2017-11-03,-0.00110829520180733
000300,2017-11-06,0.007060385202995567
000300,2017-11-07,0.008296670637595094
000300,2017-11-08,-0.0015391256089288818
000300,2017-11-09,0.006889805114117742
000300,2017-11-10,0.008834858558845804
000300,2017-11-13,0.00393004710706224
000300,2017-11-14,-0.0069572463645236615
000300,2017-11-15,-0.006264407771963909
000300,2017-11-16,0.007693308490869466
000300,2017-11-17,0.0038586994915967843
000300,2017-11-20,0.005576519407403779
000300,2017-11-21,0.017826503500384838
000300,2017-11-22,0.0023401379898997376
000300,2017-11-23,-0.02960802541412677
000300,2017-11-24,0.0004387675507020461
000300,2017-11-27,-0.013218166756006067
000300,2017-11-28,0.0014494006098841883
000300,2017-11-29,-0.0005103776794828097
000300,2017-11-30,-0.01175454825778599
000300,2017-12-01,-0.0019869698709468198
000300,2017-12-04,0.005182409820566614
000300,2017-12-05,0.005302498718542159
000300,2017-12-06,-0.006026974112475436
000300,2017-12-07,-0.01114591789472641
000300,2017-12-08,0.008138884831757842
000300,2017-12-11,0.016516043942868208
000300,2017-12-12,-0.013141663595036213
000300,2017-12-13,0.008483523488428846
000300,2017-12-14,-0.005910979756005408
000300,2017-12-15,-0.011248959924493596
000300,2017-12-18,0.0011128248669884933
000300,2017-12-19,0.012556175334793584
000300,2017-12-20,-0.00119940624434689
000300,2017-12-21,0.009269344422142334
000300,2017-12-22,-0.0032572489152746797
000300,2017-12-25,-0.0032210329009026983
000300,2017-12-26,0.0029889596539933727
000300,2017-12-27,-0.015396115077387584
000300,2017-12-28,0.006937745696167452
000300,2017-12-29,0.0029734504466396583
000300,2018-01-02,0.014029299031221854
000300,2018-01-03,0.005869256740226092
000300,2018-01-04,0.0042370098677089185
000300,2018-01-05,0.0024074733397758674
000300,2018-01-08,0.005173059498640775
000300,2018-01-09,0.007004538286988993
000300,2018-01-10,0.004418399255245564
000300,2018-01-11,-0.000527590361732222
000300,2018-01-12,0.004615285845743333
000300,2018-01-15,5.680473372771111e-05
000300,2018-01-16,0.007864642008501344
000300,2018-01-17,-0.0024304503730213645
000300,2018-01-18,0.005484779149364849
000300,2018-01-19,0.0032729162667215483
000300,2018-01-22,0.011947542819807033
000300,2018-01-23,0.010609694230502953
000300,2018-01-24,0.0016611106167330192
000300,2018-01-25,-0.005651622250215982
000300,2018-01-26,0.0037158540049666566
000300,2018-01-29,-0.018095085933398702
000300,2018-01-30,-0.010674055443721797
000300,2018-01-31,0.004652146331147966
000300,2018-02-01,-0.007016066792955855
000300,2018-02-02,0.005965755199133227
000300,2018-02-05,0.0006836438215689356
000300,2018-02-06,-0.029306411801176657
000300,2018-02-07,-0.023714776723412823
000300,2018-02-08,-0.009492655227749669
000300,2018-02-09,-0.042721302077491585
000300,2018-02-12,0.012875424732792684
000300,2018-02-13,0.011704069304131037
000300,2018-02-14,0.007960606052906272
000300,2018-02-22,0.021621090205094173
000300,2018-02-23,0.004530279589313846
000300,2018-02-26,0.011625879064329103
000300,2018-02-27,-0.014432719343826061
000300,2018-02-28,-0.008706620875195248
000300,2018-03-01,0.006325118549373343
000300,2018-03-02,-0.008058600821419182
000300,2018-03-05,0.00040831976417043947
000300,2018-03-06,0.012060426569771687
000300,2018-03-07,-0.007355110953729871
000300,2018-03-08,0.01014455055553487
000300,2018-03-09,0.0076687267019814875
000300,2018-03-12,0.004575467220914842
000300,2018-03-13,-0.008823379775999562
000300,2018-03-14,-0.004377635197066909
000300,2018-03-15,0.005602282156657701
000300,2018-03-16,-0.009701769462130305
000300,2018-03-19,0.004395501452019168
000300,2018-03-20,0.0008467816162482933
000300,2018-03-21,-0.004083184147926411
000300,2018-03-22,-0.010022038635328356
000300,2018-03-23,-0.028706455905580297
000300,2018-03-26,-0.006414951318074125
000300,2018-03-27,0.008603336692535102
000300,2018-03-28,-0.018028400800353728
000300,2018-03-29,0.013357725777574325
000300,2018-03-30,0.0011427690964420645
000300,2018-04-02,-0.0029703732204694466
000300,2018-04-03,-0.006287754829016334
000300,2018-04-04,-0.001972825749259499
000300,2018-04-09,-0.0005006666908785595
000300,2018-04-10,0.019268452839786843
000300,2018-04-11,0.0028442873621463693
000300,2018-04-12,-0.010080389199510487
000300,2018-04-13,-0.007053741817659498
000300,2018-04-16,-0.01608828407135876
000300,2018-04-17,-0.015810504980492968
000300,2018-04-18,0.004705706602928128
000300,2018-04-19,0.012096817018384165
000300,2018-04-20,-0.013376741940899994
000300,2018-04-23,0.0014571174069690773
000300,2018-04-24,0.020486786872100815
000300,2018-04-25,-0.003848065169936743
000300,2018-04-26,-0.019121372789719704
000300,2018-04-27,0.00037012480395381964
000300,2018-05-02,0.0018020272140713
000300,2018-05-03,0.007798280924102841
000300,2018-05-04,-0.004851041392037958
000300,2018-05-07,0.015787103269220726
000300,2018-05-08,0.011603493827901046
000300,2018-05-09,-0.0018202068745036826
000300,2018-05-10,0.005537733558562019
000300,2018-05-11,-0.005193857787961109
000300,2018-05-14,0.009411697875460812
000300,2018-05-15,0.0037884117064734824
000300,2018-05-16,-0.0079661578451109
000300,2018-05-17,-0.007395628898182349
000300,2018-05-18,0.010095625056611546
000300,2018-05-21,0.004657883814237929
000300,2018-05-22,-0.003832971202986757
000300,2018-05-23,-0.013217415346333139
000300,2018-05-24,-0.007098049592951794
000300,2018-05-25,-0.0028009887072077966
000300,2018-05-28,0.004391458142277038
000300,2018-05-29,-0.007630580758936301
000300,2018-05-30,-0.02119868244300105
000300,2018-05-31,0.02122002379564747
000300,2018-06-01,-0.008360553127251924
000300,2018-06-04,0.009810135814289023
000300,2018-06-05,0.009911807499776826
000300,2018-06-06,-0.0020726493503792076
000300,2018-06-07,-0.0016521818442414293
000300,2018-06-08,-0.013414217138561502
000300,2018-06-11,9.524767040081095e-05
000300,2018-06-12,0.012161440007619095
000300,2018-06-13,-0.009830238241482436
000300,2018-06-14,-0.003951598853323635
000300,2018-06-15,-0.00528440094663396
000300,2018-06-19,-0.03525042427859315
000300,2018-06-20,0.003954577589254216
000300,2018-06-21,-0.011682217283189966
000300,2018-06-22,0.0044336579487165295
000300,2018-06-25,-0.01341683061320631
000300,2018-06-26,-0.00824888779041022
000300,2018-06-27,-0.020347709360512667
000300,2018-06-28,-0.010328798644796855
000300,2018-06-29,0.025543810044018844
000300,2018-07-02,-0.02934223493155752
000300,2018-07-03,0.00038732848977107714
000300,2018-07-04,-0.01335472592453546
000300,2018-07-05,-0.006335191378669669
000300,2018-07-06,0.006785462117494978
000300,2018-07-09,0.02795145492582729
000300,2018-07-10,0.002410976011655963
000300,2018-07-11,-0.017300549095607187
000300,2018-07-12,0.021578680158355068
000300,2018-07-13,0.003340936381447168
000300,2018-07-16,-0.005898032748397286
000300,2018-07-17,-0.006540729070963036
000300,2018-07-18,-0.005235723521328506
000300,2018-07-19,-0.0008684704428616463
000300,2018-07-20,0.01882835424724494
000300,2018-07-23,0.009407682463518752
000300,2018-07-24,0.015871800326171748
000300,2018-07-25,-0.001105617149350424
000300,2018-07-26,-0.01159946893997621
000300,2018-07-27,-0.00424743725698129
000300,2018-07-30,-0.0017465487911895172
000300,2018-07-31,0.0007339804499471025
000300,2018-08-01,-0.019976347913101322
000300,2018-08-02,-0.02217039557462308
000300,2018-08-03,-0.016517549896765238
000300,2018-08-06,-0.012671629545619179
000300,2018-08-07,0.029206267738377756
000300,2018-08-08,-0.016135974377164963
000300,2018-08-09,0.025047442910113293
000300,2018-08-10,0.0022045427119112837
000300,2018-08-13,-0.004311281578375459
000300,2018-08-14,-0.005141077296082486
000300,2018-08-15,-0.02399411783889871
000300,2018-08-16,-0.004632470428131419
000300,2018-08-17,-0.014377138183493954
000300,2018-08-20,0.011651525566475307
000300,2018-08-21,0.01818042696457267
000300,2018-08-22,-0.005621270647648613
000300,2018-08-23,0.003651808521894395
000300,2018-08-24,0.0015963711171282924
000300,2018-08-27,0.024430658009881867
000300,2018-08-28,-0.0018787225860616985
000300,2018-08-29,-0.0039998000099994435
000300,2018-08-30,-0.010476676991764577
000300,2018-08-31,-0.004950628004619428
000300,2018-09-03,-0.0038026690658269358
000300,2018-09-04,0.012667754423779654
000300,2018-09-05,-0.019548738071880956
000300,2018-09-06,-0.010690874250334992
000300,2018-09-07,0.004523611043004916
000300,2018-09-10,-0.01451349141455427
000300,2018-09-11,-0.0018142021689933063
000300,2018-09-12,-0.006882306053265785
000300,2018-09-13,0.010790063772243785
000300,2018-09-14,0.0017055092273610128
000300,2018-09-17,-0.011464826701294561
000300,2018-09-18,0.020128427542653204
000300,2018-09-19,0.013167432855268446
000300,2018-09-20,-0.0007094382456648285
000300,2018-09-21,0.03031905091340814
000300,2018-09-25,-0.008998706930675504
000300,2018-09-26,0.011077578554943956
000300,2018-09-27,-0.0039944516627452575
000300,2018-09-28,0.010362587738241169
000300,2018-10-08,-0.043025886485637654
000300,2018-10-09,-0.0006715488164331651
000300,2018-10-10,-0.002155873615330206
000300,2018-10-11,-0.047991833252072125
000300,2018-10-12,0.014922649970711577
000300,2018-10-15,-0.013965238288974557
000300,2018-10-16,-0.008149818484223359
000300,2018-10-17,0.005572449910834498
000300,2018-10-18,-0.023686362543093087
000300,2018-10-19,0.029746517364726666
000300,2018-10-22,0.04316496275857684
000300,2018-10-23,-0.026554382359866402
000300,2018-10-24,0.0014983838187112575
000300,2018-10-25,0.0019164418794304083
000300,2018-10-26,-0.006470881035340992
000300,2018-10-29,-0.030485499300487717
000300,2018-10-30,0.010845366587690863
000300,2018-10-31,0.01400526001041702
000300,2018-11-01,0.007359329321267483
000300,2018-11-02,0.03563705725158406
000300,2018-11-05,-0.008330673960945223
000300,2018-11-06,-0.006034620146865954
000300,2018-11-07,-0.006549188289163399
000300,2018-11-08,-0.0028368266028535594
000300,2018-11-09,-0.014109319994895397
000300,2018-11-12,0.011902356477154985
000300,2018-11-13,0.010058842983457827
000300,2018-11-14,-0.010020448634389556
000300,2018-11-15,0.01167884578182421
000300,2018-11-16,0.004718770528965077
000300,2018-11-19,0.011336323200324072
000300,2018-11-20,-0.02312572087658593
000300,2018-11-21,0.0025105564548955073
000300,2018-11-22,-0.003737807958493544
000300,2018-11-23,-0.02207234253040191
000300,2018-11-26,-0.0007125860511281168
000300,2018-11-27,-0.0012733824858972564
000300,2018-11-28,0.013288750621565537
000300,2018-11-29,-0.012985501410851974
000300,2018-11-30,0.011167593581183466
000300,2018-12-03,0.027818664918413116
000300,2018-12-04,0.002073015532283673
000300,2018-12-05,-0.004807648169513179
000300,2018-12-06,-0.021626691266912634
000300,2018-12-07,-3.4573038687257807e-05
000300,2018-12-10,-0.011566652836973002
000300,2018-12-11,0.0047889187092178265
000300,2018-12-12,0.0034147514731852624
000300,2018-12-13,0.015479671104298598
000300,2018-12-14,-0.01670347145222062
000300,2018-12-17,-0.0014877239087656147
000300,2018-12-18,-0.010366316588637181
000300,2018-12-19,-0.011922913410240876
000300,2018-12-20,-0.007670334149647573
000300,2018-12-21,-0.012394781281989453
000300,2018-12-24,0.002904865649963506
000300,2018-12-25,-0.0068856559805146045
000300,2018-12-26,-0.005054221020256655
000300,2018-12-27,-0.0038374033570617305
000300,2018-12-28,0.006734637235789265
000300,2019-01-02,-0.013654858585355312
000300,2019-01-03,-0.0015827367201654008
000300,2019-01-04,0.02395744795671928
000300,2019-01-07,0.006070747429896661
000300,2019-01-08,-0.002160887928494337
000300,2019-01-09,0.010099419234176565
000300,2019-01-10,-0.0018807983160520347
000300,2019-01-11,0.007189140459987975
000300,2019-01-14,-0.008724368129560123
000300,2019-01-15,0.019626570353806105
000300,2019-01-16,0.0002109981170017594
000300,2019-01-17,-0.005507167628210241
000300,2019-01-18,0.018239260530561685
000300,2019-01-21,0.005514224299832282
000300,2019-01-22,-0.013284614708504283
000300,2019-01-23,-0.0007221663718616211
000300,2019-01-24,0.005644609286703517
000300,2019-01-25,0.00813288674741508
000300,2019-01-28,-0.00021667655842250166
000300,2019-01-29,0.003200598031270818
000300,2019-01-30,-0.00798066356290128
000300,2019-01-31,0.010462429934858353
000300,2019-02-01,0.014295843054943802
000300,2019-02-11,0.0181899365646363
000300,2019-02-12,0.0072191793665148385
000300,2019-02-13,0.020024982434226013
000300,2019-02-14,0.001504255187619652
000300,2019-02-15,-0.018647086833581183
000300,2019-02-18,0.032060382783718255
000300,2019-02-19,-0.0017790082826909526
000300,2019-02-20,0.0035818014251614017
000300,2019-02-21,-0.0026709695735428474
000300,2019-02-22,0.022485193350587185
000300,2019-02-25,0.05947524516209679
000300,2019-02-26,-0.012009717172367207
000300,2019-02-27,-0.0017097774846731584
000300,2019-02-28,-0.002452159776423879
000300,2019-03-01,0.021894766676568533
000300,2019-03-04,0.011838248824575626
000300,2019-03-05,0.005774755541498644
000300,2019-03-06,0.008406686565286758
000300,2019-03-07,-0.01019726669594534
000300,2019-03-08,-0.0397153996613151
000300,2019-03-11,0.019786306793016184
000300,2019-03-12,0.00680974275794588
000300,2019-03-13,-0.008297495572982538
000300,2019-03-14,-0.006900829442106904
000300,2019-03-15,0.012578106200098027
000300,2019-03-18,0.028501926563613944
000300,2019-03-19,-0.004618679820860616
000300,2019-03-20,0.00038602385001418327
000300,2019-03-21,0.00037805310472838194
000300,2019-03-22,-0.0008053397413008145
000300,2019-03-25,-0.023728415671135705
000300,2019-03-26,-0.011325654651693995
000300,2019-03-27,0.011606727848580078
000300,2019-03-28,-0.004004391741175728
000300,2019-03-29,0.038606372706791126
000300,2019-04-01,0.026234783102723425
000300,2019-04-02,-0.0006643297692712213
000300,2019-04-03,0.012809439753833196
000300,2019-04-04,0.009962308809197129
000300,2019-04-08,-0.0012308510350226287
000300,2019-04-09,0.00448581914261692
000300,2019-04-10,0.002556785418961871
000300,2019-04-11,-0.021603827844879242
000300,2019-04-12,-0.0022413560203923266
000300,2019-04-15,-0.0032843439585621415
000300,2019-04-16,0.027737251982130617
000300,2019-04-17,0.0003548885282895764
000300,2019-04-18,-0.0037091044323308564
000300,2019-04-19,0.011917742284041521
000300,2019-04-22,-0.023054838968016744
000300,2019-04-23,-0.0016395030815204992
000300,2019-04-24,0.0027568978430010382
000300,2019-04-25,-0.021902736663449218
000300,2019-04-26,-0.013331405289942255
000300,2019-04-29,0.0028437213153111873
000300,2019-04-30,0.003302284678476042
000300,2019-05-06,-0.05841495856343004
000300,2019-05-07,0.009783912588001042
000300,2019-05-08,-0.014301187689313988
000300,2019-05-09,-0.018476002464921315
000300,2019-05-10,0.03632247131705424
000300,2019-05-13,-0.01654492085405246
000300,2019-05-14,-0.006427292278254337
000300,2019-05-15,0.022479184670040953
000300,2019-05-16,0.004526319461027217
000300,2019-05-17,-0.025427622089979507
000300,2019-05-20,-0.008487815038533686
000300,2019-05-21,0.013541416168434406
000300,2019-05-22,-0.004745307872302207
000300,2019-05-23,-0.01792633269212851
000300,2019-05-24,0.0027762586636010944
000300,2019-05-27,0.012045376762356286
000300,2019-05-28,0.009639282964918117
000300,2019-05-29,-0.0022738041424082978
000300,2019-05-30,-0.006203755004899114
000300,2019-05-31,-0.003128106822513521
000300,2019-06-03,0.0006116056300777828
000300,2019-06-04,-0.00923455607225765
000300,2019-06-05,-0.00037793840159838776
000300,2019-06-06,-0.009015570833252329
000300,2019-06-10,0.012921215929620589
000300,2019-06-11,0.03006032004519854
000300,2019-06-12,-0.00757673528209768
000300,2019-06-13,-0.001546964319579569
000300,2019-06-14,-0.008278635368305642
000300,2019-06-17,-1.6416407652264375e-05
000300,2019-06-18,0.003502224459754455
000300,2019-06-19,0.013174756381522768
000300,2019-06-20,0.030296506402148538
000300,2019-06-21,0.001415690658531199
000300,2019-06-24,0.001911871338622806
000300,2019-06-25,-0.010402809487487175
000300,2019-06-26,-0.0018362090963378597
000300,2019-06-27,0.010671185690227292
000300,2019-06-28,-0.002406892631205637
000300,2019-07-01,0.028811242187479547
000300,2019-07-02,0.0003455451355629524
000300,2019-07-03,-0.011084103556615488
000300,2019-07-04,-0.005247166453064556
000300,2019-07-05,0.005189641372543852
000300,2019-07-08,-0.023222541867872204
000300,2019-07-09,-0.002540240192069443
000300,2019-07-10,-0.0016846245712645036
000300,2019-07-11,-0.0004014006770995948
000300,2019-07-12,0.006210999624856717
000300,2019-07-15,0.004059095814090252
000300,2019-07-16,-0.00453690846950594
000300,2019-07-17,-0.0005779071355770382
000300,2019-07-18,-0.00952521132091333
000300,2019-07-19,0.01049782401019006
000300,2019-07-22,-0.00690133299719542
000300,2019-07-23,0.002176281441052641
000300,2019-07-24,0.00789464657472072
000300,2019-07-25,0.008178374430275692
000300,2019-07-26,0.0019475106918336316
000300,2019-07-29,-0.0011144024858951163
000300,2019-07-30,0.004164212678406054
000300,2019-07-31,-0.00903284482936817
000300,2019-08-01,-0.008314734470818985
000300,2019-08-02,-0.014731284853041982
000300,2019-08-05,-0.01914640394509315
000300,2019-08-06,-0.010708193563657487
000300,2019-08-07,-0.0040975379022256675
000300,2019-08-08,0.013215773879379222
000300,2019-08-09,-0.009745754628279535
000300,2019-08-12,0.01804581219915602
000300,2019-08-13,-0.009015706523208378
000300,2019-08-14,0.004542044602059647
000300,2019-08-15,0.0031501194872909366
000300,2019-08-16,0.004477531131564794
000300,2019-08-19,0.021708430578837534
000300,2019-08-20,-0.0008862886399426673
000300,2019-08-21,-0.0015761419108542007
000300,2019-08-22,0.0031070189541377857
000300,2019-08-23,0.007209681798650891
000300,2019-08-26,-0.014381579016242485
000300,2019-08-27,0.013553165104848386
000300,2019-08-28,-0.0037647860202517647
000300,2019-08-29,-0.003258314092011161
000300,2019-08-30,0.002480086750268562
000300,2019-09-02,0.012825067967859649
000300,2019-09-03,0.001374625810743435
000300,2019-09-04,0.00840510586177623
000300,2019-09-05,0.010118373648996482
000300,2019-09-06,0.0059077985998594595
000300,2019-09-09,0.006189676612190276
000300,2019-09-10,-0.003443285216275016
000300,2019-09-11,-0.0073675197700586725
000300,2019-09-12,0.010757995979746138
000300,2019-09-16,-0.003690482783620941
000300,2019-09-17,-0.016802603519197934
000300,2019-09-18,0.004846808969937388
000300,2019-09-19,0.0036572141746460396
000300,2019-09-20,0.0028717912128795042
000300,2019-09-23,-0.011431402690788128
000300,2019-09-24,0.0026782088386032576
000300,2019-09-25,-0.007715812031539926
000300,2019-09-26,-0.007708642255966236
000300,2019-09-27,0.002996506245541708
000300,2019-09-30,-0.009894488209414298
000300,2019-10-08,0.006068899707172282
000300,2019-10-09,0.0014487919784869074
000300,2019-10-10,0.008170189735743794
000300,2019-10-11,0.009572502219561185
000300,2019-10-14,0.010611673096047047
000300,2019-10-15,-0.004297740587467458
000300,2019-10-16,-0.003444903143855149
000300,2019-10-17,0.0006449655720945913
000300,2019-10-18,-0.014225954214031278
000300,2019-10-21,0.0029617147966858326
000300,2019-10-22,0.0038754496449222575
000300,2019-10-23,-0.006365699148844439
000300,2019-10-24,-0.00010591359517242438
000300,2019-10-25,0.0067481857146178825
000300,2019-10-28,0.007647319973619338
000300,2019-10-29,-0.004166465049826984
000300,2019-10-30,-0.004859049211938915
000300,2019-10-31,-0.0011513069132382814
000300,2019-11-01,0.016888145622949713
000300,2019-11-04,0.00650998509762446
000300,2019-11-05,0.006206449277548209
000300,2019-11-06,-0.0044793532543387915
000300,2019-11-07,0.0017541306137198731
000300,2019-11-08,-0.004724602755099672
000300,2019-11-11,-0.017626434365883847
000300,2019-11-12,0.00018191228240982404
000300,2019-11-13,-0.0009503828428999439
000300,2019-11-14,0.001507700039487414
000300,2019-11-15,-0.007365855407003852
000300,2019-11-18,0.007954419422814496
000300,2019-11-19,0.010007855821368317
000300,2019-11-20,-0.009926425878633016
000300,2019-11-21,-0.004672634127118269
000300,2019-11-22,-0.010183566433566438
000300,2019-11-25,0.00732988916854338
000300,2019-11-26,0.0034655163077812468
000300,2019-11-27,-0.00411907545642598
000300,2019-11-28,-0.003436869455725744
000300,2019-11-29,-0.008707246977189831
000300,2019-12-02,0.00193017418581376
000300,2019-12-03,0.003918082616017449
000300,2019-12-04,-0.00032977676450041127
000300,2019-12-05,0.007673086014410968
000300,2019-12-06,0.0059365462344302955
000300,2019-12-09,-0.001778397341116622
000300,2019-12-10,0.0012655790730211613
000300,2019-12-11,0.0006076331024156278
000300,2019-12-12,-0.0030055729934020947
000300,2019-12-13,0.01984055594676959
000300,2019-12-16,0.00487120169748656
000300,2019-12-17,0.013604845080312566
000300,2019-12-18,-0.002231678954921046
000300,2019-12-19,-0.0013960592940850391
000300,2019-12-20,-0.002458314192418931
000300,2019-12-23,-0.012483664198145505
000300,2019-12-24,0.0065186156134204865
000300,2019-12-25,-0.0005234212213496292
000300,2019-12-26,0.008800086196744106
000300,2019-12-27,-0.0009836090005189702
000300,2019-12-30,0.01481838772957933
000300,2019-12-31,0.0036627523807890583
000300,2020-01-02,0.013586943255105455
000300,2020-01-03,-0.0017532705238617607
000300,2020-01-06,-0.0037780822975371775
000300,2020-01-07,0.007490373671082073
000300,2020-01-08,-0.011516190210637323
000300,2020-01-09,0.012657088942494843
000300,2020-01-10,-0.0002857575095391862
000300,2020-01-13,0.00980260281803802
000300,2020-01-14,-0.0033539565983742303
000300,2020-01-15,-0.005527591416481292
000300,2020-01-16,-0.004245535467860773
000300,2020-01-17,0.0014003239303550519
000300,2020-01-20,0.007456346197816988
000300,2020-01-21,-0.01708621707044944
000300,2020-01-22,0.004282613609572383
000300,2020-01-23,-0.030985520083834928
000300,2020-02-03,-0.07880816204200902
000300,2020-02-04,0.02637486579401127
000300,2020-02-05,0.011329656280047784
000300,2020-02-06,0.01861027600671794
000300,2020-02-07,2.3078224925532353e-05
000300,2020-02-10,0.004138599491777972
000300,2020-02-11,0.009307943544577313
000300,2020-02-12,0.008088633408054768
000300,2020-02-13,-0.006151444497707215
000300,2020-02-14,0.007022869148871624
000300,2020-02-17,0.022491492653715195
000300,2020-02-18,-0.004882989733704157
000300,2020-02-19,-0.0015280307380635128
000300,2020-02-20,0.023041929647447335
000300,2020-02-21,0.0011653549386438922
000300,2020-02-24,-0.004012541300256078
000300,2020-02-25,-0.002175259627761994
000300,2020-02-26,-0.012325860542939382
000300,2020-02-27,0.0029118442826208124
000300,2020-02-28,-0.03545514188911303
000300,2020-03-02,0.0328980596692936
000300,2020-03-03,0.0053296704646814685
000300,2020-03-04,0.005790250674592379
000300,2020-03-05,0.022279194663491264
000300,2020-03-06,-0.016216871536799182
000300,2020-03-09,-0.0341620534926822
000300,2020-03-10,0.021415365524763974
000300,2020-03-11,-0.013299924315347877
000300,2020-03-12,-0.019243228751647634
000300,2020-03-13,-0.01407270730034349
000300,2020-03-16,-0.04299272715136915
000300,2020-03-17,-0.004871453710459717
000300,2020-03-18,-0.01979146449289415
000300,2020-03-19,-0.012972119705411678
000300,2020-03-20,0.0178680389736674
000300,2020-03-23,-0.0336442918849672
000300,2020-03-24,0.026853165869286322
000300,2020-03-25,0.026870908744837996
000300,2020-03-26,-0.006573503970428551
000300,2020-03-27,0.003247657549248828
000300,2020-03-30,-0.009689870244686039
000300,2020-03-31,0.00327970583352144
000300,2020-04-01,-0.0030058380536927
000300,2020-04-02,0.016176518606397794
000300,2020-04-03,-0.005706206671254543
000300,2020-04-07,0.02283732178540454
000300,2020-04-08,-0.004655057108703953
000300,2020-04-09,0.003298645095414665
000300,2020-04-10,-0.006230209264371345
000300,2020-04-13,-0.004223730360449651
000300,2020-04-14,0.01930055471776515
000300,2020-04-15,-0.007407794651959065
000300,2020-04-16,0.0013219710535741225
000300,2020-04-17,0.009759676833982933
000300,2020-04-20,0.0036385040721553796
000300,2020-04-21,-0.011784214705744978
000300,2020-04-22,0.008227307939759232
000300,2020-04-23,-0.0025082174726127615
000300,2020-04-24,-0.008559305437691789
000300,2020-04-27,0.006794891716289664
000300,2020-04-28,0.006900755211535214
000300,2020-04-29,0.004645181403686527
000300,2020-04-30,0.011779065587802506
000300,2020-05-06,0.006049716555316387
000300,2020-05-07,-0.0028859955541442606
000300,2020-05-08,0.009867792473164938
000300,2020-05-11,-0.0008678934913034508
000300,2020-05-12,1.5150826477627888e-05
000300,2020-05-13,0.002022604690624874
000300,2020-05-14,-0.010843570843570904
000300,2020-05-15,-0.0031590586005370014
000300,2020-05-18,0.002578702828139212
000300,2020-05-19,0.008498792987858605
000300,2020-05-20,-0.005315639810426598
000300,2020-05-21,-0.005445692998104268
000300,2020-05-22,-0.022926626109218917
000300,2020-05-25,0.00137550143041687
000300,2020-05-26,0.01134666207055024
000300,2020-05-27,-0.007013068165679814
000300,2020-05-28,0.0028656051965747498
000300,2020-05-29,0.002694061914158219
000300,2020-06-01,0.026976845219316203
000300,2020-06-02,0.003079565083825564
000300,2020-06-03,2.00824888227924e-05
000300,2020-06-04,-0.0003664980608236723
000300,2020-06-05,0.004786311049949976
000300,2020-06-08,0.0051733833177132205
000300,2020-06-09,0.006235781150934372
000300,2020-06-10,-0.0018087338122030339
000300,2020-06-11,-0.010849788722457787
000300,2020-06-12,0.0018018559115888788
000300,2020-06-15,-0.012013249797655834
000300,2020-06-16,0.015064513437454963
000300,2020-06-17,0.0007522598933384916
000300,2020-06-18,0.006668176692992578
000300,2020-06-19,0.013433455807812411
000300,2020-06-22,0.0008148905387304062
000300,2020-06-23,0.004812228032325283
000300,2020-06-24,0.004172944279063229
000300,2020-06-29,-0.007071773548619209
000300,2020-06-30,0.01319797942438905
000300,2020-07-01,0.020129876367688482
000300,2020-07-02,0.02073082880940169
000300,2020-07-03,0.019318056016827345
000300,2020-07-06,0.05667707484840245
000300,2020-07-07,0.006004166943249567
000300,2020-07-08,0.016148978423330185
000300,2020-07-09,0.0139861751152075
000300,2020-07-10,-0.018104557745978522
000300,2020-07-13,0.021003002232213186
000300,2020-07-14,-0.009534387260558552
000300,2020-07-15,-0.012944458660741454
000300,2020-07-16,-0.048102317013280826
000300,2020-07-17,0.006299474121228776
000300,2020-07-20,0.02983695293418709
000300,2020-07-21,0.0022947246971347646
000300,2020-07-22,0.004990364609979814
000300,2020-07-23,-0.0004263487787546927
000300,2020-07-24,-0.04389445807267567
000300,2020-07-27,0.005073697340414851
000300,2020-07-28,0.008791087458181135
000300,2020-07-29,0.02424336618318579
000300,2020-07-30,-0.004885648887264726
000300,2020-07-31,0.0083545418425095
000300,2020-08-03,0.016242638523551456
000300,2020-08-04,0.0009410413492310088
000300,2020-08-05,0.00027429959378522106
000300,2020-08-06,-0.003003908220660545
000300,2020-08-07,-0.01151223240306043
000300,2020-08-10,0.0035981843400390012
000300,2020-08-11,-0.009119827635469369
000300,2020-08-12,-0.007292098304490957
000300,2020-08-13,-0.0025668941656411537
000300,2020-08-14,0.014867194022059271
000300,2020-08-17,0.02350875626776161
000300,2020-08-18,-0.0005129557674294905
000300,2020-08-19,-0.014976853198580442
000300,2020-08-20,-0.012979150670368145
000300,2020-08-21,0.008482309821228329
000300,2020-08-24,0.00784302921904545
000300,2020-08-25,0.001282630865145018
000300,2020-08-26,-0.01172208864015789
000300,2020-08-27,0.005358967984309793
000300,2020-08-28,0.023866338360087447
000300,2020-08-31,-0.005790346120261747
000300,2020-09-01,0.005377661319457827
000300,2020-09-02,0.00036554236574071197
000300,2020-09-03,-0.00553067885521763
000300,2020-09-04,-0.009731996429387046
000300,2020-09-07,-0.021141582568518946
000300,2020-09-08,0.0053583245705524085
000300,2020-09-09,-0.023389620376662368
000300,2020-09-10,-0.0005692984541694202
000300,2020-09-11,0.009886555593869861
000300,2020-09-14,0.00513692709323843
000300,2020-09-15,0.0080476451553948
000300,2020-09-16,-0.00663754564379071
000300,2020-09-17,-0.005292698009172536
000300,2020-09-18,0.022531088714812686
000300,2020-09-21,-0.009638828901287422
000300,2020-09-22,-0.011866317945701033
000300,2020-09-23,0.003574386939789731
000300,2020-09-24,-0.019186085251906126
000300,2020-09-25,0.0015230973883813004
000300,2020-09-28,0.002601739160878802
000300,2020-09-29,0.002158488490607624
000300,2020-09-30,-0.0009582298880614903
000300,2020-10-09,0.020434232898809856
000300,2020-10-12,0.030338763634499166
000300,2020-10-13,0.0033256205475249434
000300,2020-10-14,-0.006633327822780477
000300,2020-10-15,-0.001739094256412499
000300,2020-10-16,-0.001471219528459411
